n,Das,Mine x4,In seconds
16,8.96,30063811800,7.51595295
32,34.43,84567788400,21.1419471
64,134.66,1.303E+11,130.3003258
128,531.22,4.52444E+11,452.4436273
